--
-- PostgreSQL database dump
--

-- Dumped from database version 9.6.10
-- Dumped by pg_dump version 9.6.10

SET statement_timeout = 0;
SET lock_timeout = 0;
SET idle_in_transaction_session_timeout = 0;
SET client_encoding = 'SQL_ASCII';
SET standard_conforming_strings = on;
SELECT pg_catalog.set_config('search_path', '', false);
SET check_function_bodies = false;
SET client_min_messages = warning;
SET row_security = off;

--
-- Name: plpgsql; Type: EXTENSION; Schema: -; Owner: 
--

CREATE EXTENSION IF NOT EXISTS plpgsql WITH SCHEMA pg_catalog;


--
-- Name: EXTENSION plpgsql; Type: COMMENT; Schema: -; Owner: 
--

COMMENT ON EXTENSION plpgsql IS 'PL/pgSQL procedural language';


SET default_tablespace = '';

SET default_with_oids = false;

--
-- Name: auth_group; Type: TABLE; Schema: public; Owner: kasia
--

CREATE TABLE public.auth_group (
    id integer NOT NULL,
    name character varying(80) NOT NULL
);


ALTER TABLE public.auth_group OWNER TO kasia;

--
-- Name: auth_group_id_seq; Type: SEQUENCE; Schema: public; Owner: kasia
--

CREATE SEQUENCE public.auth_group_id_seq
    START WITH 1
    INCREMENT BY 1
    NO MINVALUE
    NO MAXVALUE
    CACHE 1;


ALTER TABLE public.auth_group_id_seq OWNER TO kasia;

--
-- Name: auth_group_id_seq; Type: SEQUENCE OWNED BY; Schema: public; Owner: kasia
--

ALTER SEQUENCE public.auth_group_id_seq OWNED BY public.auth_group.id;


--
-- Name: auth_group_permissions; Type: TABLE; Schema: public; Owner: kasia
--

CREATE TABLE public.auth_group_permissions (
    id integer NOT NULL,
    group_id integer NOT NULL,
    permission_id integer NOT NULL
);


ALTER TABLE public.auth_group_permissions OWNER TO kasia;

--
-- Name: auth_group_permissions_id_seq; Type: SEQUENCE; Schema: public; Owner: kasia
--

CREATE SEQUENCE public.auth_group_permissions_id_seq
    START WITH 1
    INCREMENT BY 1
    NO MINVALUE
    NO MAXVALUE
    CACHE 1;


ALTER TABLE public.auth_group_permissions_id_seq OWNER TO kasia;

--
-- Name: auth_group_permissions_id_seq; Type: SEQUENCE OWNED BY; Schema: public; Owner: kasia
--

ALTER SEQUENCE public.auth_group_permissions_id_seq OWNED BY public.auth_group_permissions.id;


--
-- Name: auth_permission; Type: TABLE; Schema: public; Owner: kasia
--

CREATE TABLE public.auth_permission (
    id integer NOT NULL,
    name character varying(255) NOT NULL,
    content_type_id integer NOT NULL,
    codename character varying(100) NOT NULL
);


ALTER TABLE public.auth_permission OWNER TO kasia;

--
-- Name: auth_permission_id_seq; Type: SEQUENCE; Schema: public; Owner: kasia
--

CREATE SEQUENCE public.auth_permission_id_seq
    START WITH 1
    INCREMENT BY 1
    NO MINVALUE
    NO MAXVALUE
    CACHE 1;


ALTER TABLE public.auth_permission_id_seq OWNER TO kasia;

--
-- Name: auth_permission_id_seq; Type: SEQUENCE OWNED BY; Schema: public; Owner: kasia
--

ALTER SEQUENCE public.auth_permission_id_seq OWNED BY public.auth_permission.id;


--
-- Name: auth_user; Type: TABLE; Schema: public; Owner: kasia
--

CREATE TABLE public.auth_user (
    id integer NOT NULL,
    password character varying(128) NOT NULL,
    last_login timestamp with time zone,
    is_superuser boolean NOT NULL,
    username character varying(150) NOT NULL,
    first_name character varying(30) NOT NULL,
    last_name character varying(150) NOT NULL,
    email character varying(254) NOT NULL,
    is_staff boolean NOT NULL,
    is_active boolean NOT NULL,
    date_joined timestamp with time zone NOT NULL
);


ALTER TABLE public.auth_user OWNER TO kasia;

--
-- Name: auth_user_groups; Type: TABLE; Schema: public; Owner: kasia
--

CREATE TABLE public.auth_user_groups (
    id integer NOT NULL,
    user_id integer NOT NULL,
    group_id integer NOT NULL
);


ALTER TABLE public.auth_user_groups OWNER TO kasia;

--
-- Name: auth_user_groups_id_seq; Type: SEQUENCE; Schema: public; Owner: kasia
--

CREATE SEQUENCE public.auth_user_groups_id_seq
    START WITH 1
    INCREMENT BY 1
    NO MINVALUE
    NO MAXVALUE
    CACHE 1;


ALTER TABLE public.auth_user_groups_id_seq OWNER TO kasia;

--
-- Name: auth_user_groups_id_seq; Type: SEQUENCE OWNED BY; Schema: public; Owner: kasia
--

ALTER SEQUENCE public.auth_user_groups_id_seq OWNED BY public.auth_user_groups.id;


--
-- Name: auth_user_id_seq; Type: SEQUENCE; Schema: public; Owner: kasia
--

CREATE SEQUENCE public.auth_user_id_seq
    START WITH 1
    INCREMENT BY 1
    NO MINVALUE
    NO MAXVALUE
    CACHE 1;


ALTER TABLE public.auth_user_id_seq OWNER TO kasia;

--
-- Name: auth_user_id_seq; Type: SEQUENCE OWNED BY; Schema: public; Owner: kasia
--

ALTER SEQUENCE public.auth_user_id_seq OWNED BY public.auth_user.id;


--
-- Name: auth_user_user_permissions; Type: TABLE; Schema: public; Owner: kasia
--

CREATE TABLE public.auth_user_user_permissions (
    id integer NOT NULL,
    user_id integer NOT NULL,
    permission_id integer NOT NULL
);


ALTER TABLE public.auth_user_user_permissions OWNER TO kasia;

--
-- Name: auth_user_user_permissions_id_seq; Type: SEQUENCE; Schema: public; Owner: kasia
--

CREATE SEQUENCE public.auth_user_user_permissions_id_seq
    START WITH 1
    INCREMENT BY 1
    NO MINVALUE
    NO MAXVALUE
    CACHE 1;


ALTER TABLE public.auth_user_user_permissions_id_seq OWNER TO kasia;

--
-- Name: auth_user_user_permissions_id_seq; Type: SEQUENCE OWNED BY; Schema: public; Owner: kasia
--

ALTER SEQUENCE public.auth_user_user_permissions_id_seq OWNED BY public.auth_user_user_permissions.id;


--
-- Name: card_card; Type: TABLE; Schema: public; Owner: kasia
--

CREATE TABLE public.card_card (
    id integer NOT NULL,
    name character varying(24) NOT NULL,
    description character varying(128),
    created_date timestamp with time zone NOT NULL,
    updated_date timestamp with time zone
);


ALTER TABLE public.card_card OWNER TO kasia;

--
-- Name: card_card_id_seq; Type: SEQUENCE; Schema: public; Owner: kasia
--

CREATE SEQUENCE public.card_card_id_seq
    START WITH 1
    INCREMENT BY 1
    NO MINVALUE
    NO MAXVALUE
    CACHE 1;


ALTER TABLE public.card_card_id_seq OWNER TO kasia;

--
-- Name: card_card_id_seq; Type: SEQUENCE OWNED BY; Schema: public; Owner: kasia
--

ALTER SEQUENCE public.card_card_id_seq OWNED BY public.card_card.id;


--
-- Name: card_carditem; Type: TABLE; Schema: public; Owner: kasia
--

CREATE TABLE public.card_carditem (
    id integer NOT NULL,
    name character varying(48) NOT NULL,
    description character varying(128),
    price numeric(6,2) NOT NULL,
    preparation_time integer NOT NULL,
    classification character varying(10) NOT NULL,
    created_date timestamp with time zone NOT NULL,
    updated_date timestamp with time zone
);


ALTER TABLE public.card_carditem OWNER TO kasia;

--
-- Name: card_carditem_card; Type: TABLE; Schema: public; Owner: kasia
--

CREATE TABLE public.card_carditem_card (
    id integer NOT NULL,
    carditem_id integer NOT NULL,
    card_id integer NOT NULL
);


ALTER TABLE public.card_carditem_card OWNER TO kasia;

--
-- Name: card_carditem_card_id_seq; Type: SEQUENCE; Schema: public; Owner: kasia
--

CREATE SEQUENCE public.card_carditem_card_id_seq
    START WITH 1
    INCREMENT BY 1
    NO MINVALUE
    NO MAXVALUE
    CACHE 1;


ALTER TABLE public.card_carditem_card_id_seq OWNER TO kasia;

--
-- Name: card_carditem_card_id_seq; Type: SEQUENCE OWNED BY; Schema: public; Owner: kasia
--

ALTER SEQUENCE public.card_carditem_card_id_seq OWNED BY public.card_carditem_card.id;


--
-- Name: card_carditem_id_seq; Type: SEQUENCE; Schema: public; Owner: kasia
--

CREATE SEQUENCE public.card_carditem_id_seq
    START WITH 1
    INCREMENT BY 1
    NO MINVALUE
    NO MAXVALUE
    CACHE 1;


ALTER TABLE public.card_carditem_id_seq OWNER TO kasia;

--
-- Name: card_carditem_id_seq; Type: SEQUENCE OWNED BY; Schema: public; Owner: kasia
--

ALTER SEQUENCE public.card_carditem_id_seq OWNED BY public.card_carditem.id;


--
-- Name: django_admin_log; Type: TABLE; Schema: public; Owner: kasia
--

CREATE TABLE public.django_admin_log (
    id integer NOT NULL,
    action_time timestamp with time zone NOT NULL,
    object_id text,
    object_repr character varying(200) NOT NULL,
    action_flag smallint NOT NULL,
    change_message text NOT NULL,
    content_type_id integer,
    user_id integer NOT NULL,
    CONSTRAINT django_admin_log_action_flag_check CHECK ((action_flag >= 0))
);


ALTER TABLE public.django_admin_log OWNER TO kasia;

--
-- Name: django_admin_log_id_seq; Type: SEQUENCE; Schema: public; Owner: kasia
--

CREATE SEQUENCE public.django_admin_log_id_seq
    START WITH 1
    INCREMENT BY 1
    NO MINVALUE
    NO MAXVALUE
    CACHE 1;


ALTER TABLE public.django_admin_log_id_seq OWNER TO kasia;

--
-- Name: django_admin_log_id_seq; Type: SEQUENCE OWNED BY; Schema: public; Owner: kasia
--

ALTER SEQUENCE public.django_admin_log_id_seq OWNED BY public.django_admin_log.id;


--
-- Name: django_content_type; Type: TABLE; Schema: public; Owner: kasia
--

CREATE TABLE public.django_content_type (
    id integer NOT NULL,
    app_label character varying(100) NOT NULL,
    model character varying(100) NOT NULL
);


ALTER TABLE public.django_content_type OWNER TO kasia;

--
-- Name: django_content_type_id_seq; Type: SEQUENCE; Schema: public; Owner: kasia
--

CREATE SEQUENCE public.django_content_type_id_seq
    START WITH 1
    INCREMENT BY 1
    NO MINVALUE
    NO MAXVALUE
    CACHE 1;


ALTER TABLE public.django_content_type_id_seq OWNER TO kasia;

--
-- Name: django_content_type_id_seq; Type: SEQUENCE OWNED BY; Schema: public; Owner: kasia
--

ALTER SEQUENCE public.django_content_type_id_seq OWNED BY public.django_content_type.id;


--
-- Name: django_migrations; Type: TABLE; Schema: public; Owner: kasia
--

CREATE TABLE public.django_migrations (
    id integer NOT NULL,
    app character varying(255) NOT NULL,
    name character varying(255) NOT NULL,
    applied timestamp with time zone NOT NULL
);


ALTER TABLE public.django_migrations OWNER TO kasia;

--
-- Name: django_migrations_id_seq; Type: SEQUENCE; Schema: public; Owner: kasia
--

CREATE SEQUENCE public.django_migrations_id_seq
    START WITH 1
    INCREMENT BY 1
    NO MINVALUE
    NO MAXVALUE
    CACHE 1;


ALTER TABLE public.django_migrations_id_seq OWNER TO kasia;

--
-- Name: django_migrations_id_seq; Type: SEQUENCE OWNED BY; Schema: public; Owner: kasia
--

ALTER SEQUENCE public.django_migrations_id_seq OWNED BY public.django_migrations.id;


--
-- Name: django_session; Type: TABLE; Schema: public; Owner: kasia
--

CREATE TABLE public.django_session (
    session_key character varying(40) NOT NULL,
    session_data text NOT NULL,
    expire_date timestamp with time zone NOT NULL
);


ALTER TABLE public.django_session OWNER TO kasia;

--
-- Name: auth_group id; Type: DEFAULT; Schema: public; Owner: kasia
--

ALTER TABLE ONLY public.auth_group ALTER COLUMN id SET DEFAULT nextval('public.auth_group_id_seq'::regclass);


--
-- Name: auth_group_permissions id; Type: DEFAULT; Schema: public; Owner: kasia
--

ALTER TABLE ONLY public.auth_group_permissions ALTER COLUMN id SET DEFAULT nextval('public.auth_group_permissions_id_seq'::regclass);


--
-- Name: auth_permission id; Type: DEFAULT; Schema: public; Owner: kasia
--

ALTER TABLE ONLY public.auth_permission ALTER COLUMN id SET DEFAULT nextval('public.auth_permission_id_seq'::regclass);


--
-- Name: auth_user id; Type: DEFAULT; Schema: public; Owner: kasia
--

ALTER TABLE ONLY public.auth_user ALTER COLUMN id SET DEFAULT nextval('public.auth_user_id_seq'::regclass);


--
-- Name: auth_user_groups id; Type: DEFAULT; Schema: public; Owner: kasia
--

ALTER TABLE ONLY public.auth_user_groups ALTER COLUMN id SET DEFAULT nextval('public.auth_user_groups_id_seq'::regclass);


--
-- Name: auth_user_user_permissions id; Type: DEFAULT; Schema: public; Owner: kasia
--

ALTER TABLE ONLY public.auth_user_user_permissions ALTER COLUMN id SET DEFAULT nextval('public.auth_user_user_permissions_id_seq'::regclass);


--
-- Name: card_card id; Type: DEFAULT; Schema: public; Owner: kasia
--

ALTER TABLE ONLY public.card_card ALTER COLUMN id SET DEFAULT nextval('public.card_card_id_seq'::regclass);


--
-- Name: card_carditem id; Type: DEFAULT; Schema: public; Owner: kasia
--

ALTER TABLE ONLY public.card_carditem ALTER COLUMN id SET DEFAULT nextval('public.card_carditem_id_seq'::regclass);


--
-- Name: card_carditem_card id; Type: DEFAULT; Schema: public; Owner: kasia
--

ALTER TABLE ONLY public.card_carditem_card ALTER COLUMN id SET DEFAULT nextval('public.card_carditem_card_id_seq'::regclass);


--
-- Name: django_admin_log id; Type: DEFAULT; Schema: public; Owner: kasia
--

ALTER TABLE ONLY public.django_admin_log ALTER COLUMN id SET DEFAULT nextval('public.django_admin_log_id_seq'::regclass);


--
-- Name: django_content_type id; Type: DEFAULT; Schema: public; Owner: kasia
--

ALTER TABLE ONLY public.django_content_type ALTER COLUMN id SET DEFAULT nextval('public.django_content_type_id_seq'::regclass);


--
-- Name: django_migrations id; Type: DEFAULT; Schema: public; Owner: kasia
--

ALTER TABLE ONLY public.django_migrations ALTER COLUMN id SET DEFAULT nextval('public.django_migrations_id_seq'::regclass);


--
-- Data for Name: auth_group; Type: TABLE DATA; Schema: public; Owner: kasia
--

COPY public.auth_group (id, name) FROM stdin;
\.


--
-- Name: auth_group_id_seq; Type: SEQUENCE SET; Schema: public; Owner: kasia
--

SELECT pg_catalog.setval('public.auth_group_id_seq', 1, false);


--
-- Data for Name: auth_group_permissions; Type: TABLE DATA; Schema: public; Owner: kasia
--

COPY public.auth_group_permissions (id, group_id, permission_id) FROM stdin;
\.


--
-- Name: auth_group_permissions_id_seq; Type: SEQUENCE SET; Schema: public; Owner: kasia
--

SELECT pg_catalog.setval('public.auth_group_permissions_id_seq', 1, false);


--
-- Data for Name: auth_permission; Type: TABLE DATA; Schema: public; Owner: kasia
--

COPY public.auth_permission (id, name, content_type_id, codename) FROM stdin;
1	Can add log entry	1	add_logentry
2	Can change log entry	1	change_logentry
3	Can delete log entry	1	delete_logentry
4	Can view log entry	1	view_logentry
5	Can add permission	2	add_permission
6	Can change permission	2	change_permission
7	Can delete permission	2	delete_permission
8	Can view permission	2	view_permission
9	Can add group	3	add_group
10	Can change group	3	change_group
11	Can delete group	3	delete_group
12	Can view group	3	view_group
13	Can add user	4	add_user
14	Can change user	4	change_user
15	Can delete user	4	delete_user
16	Can view user	4	view_user
17	Can add content type	5	add_contenttype
18	Can change content type	5	change_contenttype
19	Can delete content type	5	delete_contenttype
20	Can view content type	5	view_contenttype
21	Can add session	6	add_session
22	Can change session	6	change_session
23	Can delete session	6	delete_session
24	Can view session	6	view_session
25	Can add card	7	add_card
26	Can change card	7	change_card
27	Can delete card	7	delete_card
28	Can view card	7	view_card
29	Can add card item	8	add_carditem
30	Can change card item	8	change_carditem
31	Can delete card item	8	delete_carditem
32	Can view card item	8	view_carditem
\.


--
-- Name: auth_permission_id_seq; Type: SEQUENCE SET; Schema: public; Owner: kasia
--

SELECT pg_catalog.setval('public.auth_permission_id_seq', 33, true);


--
-- Data for Name: auth_user; Type: TABLE DATA; Schema: public; Owner: kasia
--

COPY public.auth_user (id, password, last_login, is_superuser, username, first_name, last_name, email, is_staff, is_active, date_joined) FROM stdin;
1	pbkdf2_sha256$120000$eIRoKFqjkIF5$17UNFyiM63dhEu1xTuA98S3HPdUteOghgWD5PzWXbVc=	2018-09-04 18:12:45.719256+02	t	zdzisia			zdzisia@zdzisia.pl	t	t	2018-09-04 18:00:00.166334+02
\.


--
-- Data for Name: auth_user_groups; Type: TABLE DATA; Schema: public; Owner: kasia
--

COPY public.auth_user_groups (id, user_id, group_id) FROM stdin;
\.


--
-- Name: auth_user_groups_id_seq; Type: SEQUENCE SET; Schema: public; Owner: kasia
--

SELECT pg_catalog.setval('public.auth_user_groups_id_seq', 1, false);


--
-- Name: auth_user_id_seq; Type: SEQUENCE SET; Schema: public; Owner: kasia
--

SELECT pg_catalog.setval('public.auth_user_id_seq', 1, true);


--
-- Data for Name: auth_user_user_permissions; Type: TABLE DATA; Schema: public; Owner: kasia
--

COPY public.auth_user_user_permissions (id, user_id, permission_id) FROM stdin;
\.


--
-- Name: auth_user_user_permissions_id_seq; Type: SEQUENCE SET; Schema: public; Owner: kasia
--

SELECT pg_catalog.setval('public.auth_user_user_permissions_id_seq', 1, false);


--
-- Data for Name: card_card; Type: TABLE DATA; Schema: public; Owner: kasia
--

COPY public.card_card (id, name, description, created_date, updated_date) FROM stdin;
1	Kuchnia polska	Jedzenie z kuchni polskiej.	2018-09-04 18:13:00+02	\N
2	Kuchnia włoska	Dania z kuchni  włoskiej	2018-09-04 18:15:50+02	\N
3	Pizzeria Alicante	Dania z kuchni  włoskiej	2018-09-04 18:18:05+02	\N
4	SushiRola	Zupy. Przystawki. Rolki sushi.	2018-09-04 18:18:29+02	\N
5	Pierogarnia Mandu	Pierogi z całego świata.	2018-09-04 18:19:18+02	\N
6	WegeNiebo	Dania wegańskie.	2018-09-04 18:20:52+02	\N
7	Avocado	Vegan & Eko	2018-09-04 18:21:10+02	\N
8	Rybka na Wartkiej	Codziennie świeża ryba	2018-09-04 18:21:29+02	\N
9	Rodzina	Polskie klasyczne dania.	2018-09-04 18:21:40+02	\N
10	KFC	Kentucky Fried Chicken	2018-09-04 18:22:12+02	\N
11	Alibaba	Dania wschodnie.	2018-09-04 18:27:02+02	\N
12	Thai Thai	Dania azjatyckie.	2018-09-04 18:27:18+02	\N
\.


--
-- Name: card_card_id_seq; Type: SEQUENCE SET; Schema: public; Owner: kasia
--

SELECT pg_catalog.setval('public.card_card_id_seq', 12, true);


--
-- Data for Name: card_carditem; Type: TABLE DATA; Schema: public; Owner: kasia
--

COPY public.card_carditem (id, name, description, price, preparation_time, classification, created_date, updated_date) FROM stdin;
1	Bigos	Tradycyjne polskie danie oparte o kapustę.	12.40	40	normal	2018-09-04 18:13:45+02	\N
2	Pizza	\N	21.00	15	normal	2018-09-04 18:16:13+02	\N
3	Rosół	rosół z kaczki	12.12	15	normal	2018-09-04 18:33:07+02	\N
4	Kotlet schabowy	\N	25.50	30	normal	2018-09-04 18:33:46+02	\N
5	Kurczak pieczony	\N	17.80	27	normal	2018-09-04 18:34:20+02	\N
7	Pad thai	do wyboru: krewetki lub kurczak	27.60	18	normal	2018-09-04 18:35:19+02	\N
6	Hummus	\N	13.10	12	vegetarian	2018-09-04 18:34:49+02	2018-09-04 18:36:09+02
8	Frytki	\N	6.50	8	vegetarian	2018-09-04 18:36:16+02	\N
9	Zupa Miso	z glonami, tofu i sezamem	12.80	9	vegetarian	2018-09-04 18:36:48+02	\N
10	Pierogi gruzińskie	\N	17.30	17	normal	2018-09-04 18:37:39+02	\N
11	Superbowl	dobroć	17.50	15	vegetarian	2018-09-04 18:42:04+02	\N
12	Żeberka w sosie berbecue	\N	45.50	25	normal	2018-09-04 18:43:40+02	\N
13	Pizza z szynką i pomidorami	\N	17.50	20	normal	2018-09-04 18:44:11+02	\N
14	Pizza wegetariańska	\N	15.00	13	normal	2018-09-04 18:44:44+02	\N
15	Pierogi ruskie	\N	17.50	12	normal	2018-09-04 18:45:38+02	\N
16	Sushi 55 kawałków	\N	55.00	20	normal	2018-09-04 18:46:04+02	\N
17	Makaron ryżowy z warzywami	\N	22.50	25	vegetarian	2018-09-04 18:46:34+02	\N
18	Sos	dodatkowy sos do wyboru	2.50	1	vegetarian	2018-09-04 18:47:11+02	\N
19	Łosoś cytrynowy	\N	30.00	15	normal	2018-09-04 18:47:41+02	\N
20	Kebab	\N	17.50	15	normal	2018-09-04 18:48:22+02	\N
21	Risotto	\N	18.50	12	vegetarian	2018-09-04 18:50:08+02	\N
22	Herbata	\N	5.50	2	vegetarian	2018-09-04 18:51:19+02	\N
\.


--
-- Data for Name: card_carditem_card; Type: TABLE DATA; Schema: public; Owner: kasia
--

COPY public.card_carditem_card (id, carditem_id, card_id) FROM stdin;
1	1	1
2	2	2
3	3	8
4	3	1
5	3	5
6	3	9
7	4	1
8	4	9
9	5	1
10	5	10
11	6	4
12	6	6
13	6	7
14	7	2
15	7	11
16	7	4
17	7	12
18	6	11
19	8	1
20	8	2
21	8	3
22	8	8
23	8	9
24	8	10
25	8	11
26	8	12
27	9	12
28	9	11
29	9	4
30	9	5
31	10	11
32	10	12
33	10	5
34	11	11
35	11	12
36	11	5
37	11	6
38	11	7
39	12	8
40	12	1
41	12	2
42	12	9
43	13	2
44	13	3
45	14	2
46	14	3
47	14	6
48	14	7
49	15	1
50	15	5
51	15	9
52	16	4
53	17	2
54	17	3
55	17	4
56	17	5
57	17	6
58	17	7
59	17	11
60	17	12
61	18	1
62	18	2
63	18	3
64	18	4
65	18	5
66	18	6
67	18	7
68	18	8
69	18	9
70	18	10
71	18	11
72	18	12
73	19	8
74	19	11
75	19	4
76	19	12
77	20	10
78	20	11
79	20	12
80	21	2
81	21	3
82	21	6
83	21	7
84	21	8
85	21	11
86	21	12
87	22	1
88	22	2
89	22	3
90	22	4
91	22	5
92	22	6
93	22	7
94	22	8
95	22	9
96	22	10
97	22	11
98	22	12
\.


--
-- Name: card_carditem_card_id_seq; Type: SEQUENCE SET; Schema: public; Owner: kasia
--

SELECT pg_catalog.setval('public.card_carditem_card_id_seq', 98, true);


--
-- Name: card_carditem_id_seq; Type: SEQUENCE SET; Schema: public; Owner: kasia
--

SELECT pg_catalog.setval('public.card_carditem_id_seq', 22, true);


--
-- Data for Name: django_admin_log; Type: TABLE DATA; Schema: public; Owner: kasia
--

COPY public.django_admin_log (id, action_time, object_id, object_repr, action_flag, change_message, content_type_id, user_id) FROM stdin;
1	2018-09-04 18:13:22.428399+02	1	Kuchnia polska	1	[{"added": {}}]	7	1
2	2018-09-04 18:14:20.795572+02	1	Bigos	1	[{"added": {}}]	8	1
3	2018-09-04 18:16:06.209519+02	2	Kuchnia włoska	1	[{"added": {}}]	7	1
4	2018-09-04 18:16:44.33945+02	2	Pizza	1	[{"added": {}}]	8	1
5	2018-09-04 18:18:24.785706+02	3	Pizzeria Alicante	1	[{"added": {}}]	7	1
6	2018-09-04 18:18:49.178754+02	4	SushiRola	1	[{"added": {}}]	7	1
7	2018-09-04 18:20:34.44269+02	5	Pierogarnia Mandu	1	[{"added": {}}]	7	1
8	2018-09-04 18:21:08.491465+02	6	WegeNiebo	1	[{"added": {}}]	7	1
9	2018-09-04 18:21:19.24828+02	7	Avocado	1	[{"added": {}}]	7	1
10	2018-09-04 18:21:38.991049+02	8	Rybka na Wartkiej	1	[{"added": {}}]	7	1
11	2018-09-04 18:22:10.603783+02	9	Rodzina	1	[{"added": {}}]	7	1
12	2018-09-04 18:22:33.517872+02	10	KFC	1	[{"added": {}}]	7	1
13	2018-09-04 18:27:12.062173+02	11	Alibaba	1	[{"added": {}}]	7	1
14	2018-09-04 18:27:34.621183+02	12	Thai Thai	1	[{"added": {}}]	7	1
15	2018-09-04 18:33:44.498705+02	3	Rosół	1	[{"added": {}}]	8	1
16	2018-09-04 18:34:18.615624+02	4	Kotlet schabowy	1	[{"added": {}}]	8	1
17	2018-09-04 18:34:46.777025+02	5	Kurczak pieczony	1	[{"added": {}}]	8	1
18	2018-09-04 18:35:18.019399+02	6	Hummus	1	[{"added": {}}]	8	1
19	2018-09-04 18:35:58.50727+02	7	Pad thai	1	[{"added": {}}]	8	1
20	2018-09-04 18:36:04.709257+02	6	Hummus	2	[{"changed": {"fields": ["card"]}}]	8	1
21	2018-09-04 18:36:10.814599+02	6	Hummus	2	[{"changed": {"fields": ["updated_date"]}}]	8	1
22	2018-09-04 18:36:47.191835+02	8	Frytki	1	[{"added": {}}]	8	1
23	2018-09-04 18:37:37.987712+02	9	Zupa Miso	1	[{"added": {}}]	8	1
24	2018-09-04 18:42:02.751964+02	10	Pierogi gruzińskie	1	[{"added": {}}]	8	1
25	2018-09-04 18:42:36.274822+02	11	Superbowl	1	[{"added": {}}]	8	1
26	2018-09-04 18:44:09.285942+02	12	Żeberka w sosie berbecue	1	[{"added": {}}]	8	1
27	2018-09-04 18:44:42.314944+02	13	Pizza z szynką i pomidorami	1	[{"added": {}}]	8	1
28	2018-09-04 18:45:05.19941+02	14	Pizza wegetariańska	1	[{"added": {}}]	8	1
29	2018-09-04 18:46:03.152858+02	15	Pierogi ruskie	1	[{"added": {}}]	8	1
30	2018-09-04 18:46:32.519001+02	16	Sushi 55 kawałków	1	[{"added": {}}]	8	1
31	2018-09-04 18:47:06.758743+02	17	Makaron ryżowy z warzywami	1	[{"added": {}}]	8	1
32	2018-09-04 18:47:39.136641+02	18	Sos	1	[{"added": {}}]	8	1
33	2018-09-04 18:48:20.748309+02	19	Łosoś cytrynowy	1	[{"added": {}}]	8	1
34	2018-09-04 18:50:06.093549+02	20	Kebab	1	[{"added": {}}]	8	1
35	2018-09-04 18:50:41.344395+02	21	Risotto	1	[{"added": {}}]	8	1
36	2018-09-04 18:51:47.038086+02	22	Herbata	1	[{"added": {}}]	8	1
\.


--
-- Name: django_admin_log_id_seq; Type: SEQUENCE SET; Schema: public; Owner: kasia
--

SELECT pg_catalog.setval('public.django_admin_log_id_seq', 36, true);


--
-- Data for Name: django_content_type; Type: TABLE DATA; Schema: public; Owner: kasia
--

COPY public.django_content_type (id, app_label, model) FROM stdin;
1	admin	logentry
2	auth	permission
3	auth	group
4	auth	user
5	contenttypes	contenttype
6	sessions	session
7	card	card
8	card	carditem
\.


--
-- Name: django_content_type_id_seq; Type: SEQUENCE SET; Schema: public; Owner: kasia
--

SELECT pg_catalog.setval('public.django_content_type_id_seq', 33, true);


--
-- Data for Name: django_migrations; Type: TABLE DATA; Schema: public; Owner: kasia
--

COPY public.django_migrations (id, app, name, applied) FROM stdin;
1	contenttypes	0001_initial	2018-09-04 17:39:55.251018+02
2	auth	0001_initial	2018-09-04 17:39:55.998068+02
3	admin	0001_initial	2018-09-04 17:39:56.154892+02
4	admin	0002_logentry_remove_auto_add	2018-09-04 17:39:56.230243+02
5	admin	0003_logentry_add_action_flag_choices	2018-09-04 17:39:56.283558+02
6	contenttypes	0002_remove_content_type_name	2018-09-04 17:39:56.333705+02
7	auth	0002_alter_permission_name_max_length	2018-09-04 17:39:56.367026+02
8	auth	0003_alter_user_email_max_length	2018-09-04 17:39:56.409262+02
9	auth	0004_alter_user_username_opts	2018-09-04 17:39:56.432268+02
10	auth	0005_alter_user_last_login_null	2018-09-04 17:39:56.476041+02
11	auth	0006_require_contenttypes_0002	2018-09-04 17:39:56.493147+02
12	auth	0007_alter_validators_add_error_messages	2018-09-04 17:39:56.516353+02
13	auth	0008_alter_user_username_max_length	2018-09-04 17:39:56.58002+02
14	auth	0009_alter_user_last_name_max_length	2018-09-04 17:39:56.62595+02
15	card	0001_initial	2018-09-04 17:39:56.8472+02
16	sessions	0001_initial	2018-09-04 17:39:56.980724+02
\.


--
-- Name: django_migrations_id_seq; Type: SEQUENCE SET; Schema: public; Owner: kasia
--

SELECT pg_catalog.setval('public.django_migrations_id_seq', 33, true);


--
-- Data for Name: django_session; Type: TABLE DATA; Schema: public; Owner: kasia
--

COPY public.django_session (session_key, session_data, expire_date) FROM stdin;
6ck8ss48g79xj9lhcy66mx894367jjgn	NmU5OTE4ZTI5ZmYzODVlZmViMzIwMjdlODBiMTAyOGMwMGY4Yjk2YTp7Il9hdXRoX3VzZXJfaWQiOiIxIiwiX2F1dGhfdXNlcl9iYWNrZW5kIjoiZGphbmdvLmNvbnRyaWIuYXV0aC5iYWNrZW5kcy5Nb2RlbEJhY2tlbmQiLCJfYXV0aF91c2VyX2hhc2giOiI0Njc2ZDIyYTE0ZDE1YmE2M2I1YTU5YWFmN2VmMTFkNzU5NmZmNDRjIn0=	2018-09-18 18:12:45.754265+02
\.


--
-- Name: auth_group auth_group_name_key; Type: CONSTRAINT; Schema: public; Owner: kasia
--

ALTER TABLE ONLY public.auth_group
    ADD CONSTRAINT auth_group_name_key UNIQUE (name);


--
-- Name: auth_group_permissions auth_group_permissions_group_id_permission_id_0cd325b0_uniq; Type: CONSTRAINT; Schema: public; Owner: kasia
--

ALTER TABLE ONLY public.auth_group_permissions
    ADD CONSTRAINT auth_group_permissions_group_id_permission_id_0cd325b0_uniq UNIQUE (group_id, permission_id);


--
-- Name: auth_group_permissions auth_group_permissions_pkey; Type: CONSTRAINT; Schema: public; Owner: kasia
--

ALTER TABLE ONLY public.auth_group_permissions
    ADD CONSTRAINT auth_group_permissions_pkey PRIMARY KEY (id);


--
-- Name: auth_group auth_group_pkey; Type: CONSTRAINT; Schema: public; Owner: kasia
--

ALTER TABLE ONLY public.auth_group
    ADD CONSTRAINT auth_group_pkey PRIMARY KEY (id);


--
-- Name: auth_permission auth_permission_content_type_id_codename_01ab375a_uniq; Type: CONSTRAINT; Schema: public; Owner: kasia
--

ALTER TABLE ONLY public.auth_permission
    ADD CONSTRAINT auth_permission_content_type_id_codename_01ab375a_uniq UNIQUE (content_type_id, codename);


--
-- Name: auth_permission auth_permission_pkey; Type: CONSTRAINT; Schema: public; Owner: kasia
--

ALTER TABLE ONLY public.auth_permission
    ADD CONSTRAINT auth_permission_pkey PRIMARY KEY (id);


--
-- Name: auth_user_groups auth_user_groups_pkey; Type: CONSTRAINT; Schema: public; Owner: kasia
--

ALTER TABLE ONLY public.auth_user_groups
    ADD CONSTRAINT auth_user_groups_pkey PRIMARY KEY (id);


--
-- Name: auth_user_groups auth_user_groups_user_id_group_id_94350c0c_uniq; Type: CONSTRAINT; Schema: public; Owner: kasia
--

ALTER TABLE ONLY public.auth_user_groups
    ADD CONSTRAINT auth_user_groups_user_id_group_id_94350c0c_uniq UNIQUE (user_id, group_id);


--
-- Name: auth_user auth_user_pkey; Type: CONSTRAINT; Schema: public; Owner: kasia
--

ALTER TABLE ONLY public.auth_user
    ADD CONSTRAINT auth_user_pkey PRIMARY KEY (id);


--
-- Name: auth_user_user_permissions auth_user_user_permissions_pkey; Type: CONSTRAINT; Schema: public; Owner: kasia
--

ALTER TABLE ONLY public.auth_user_user_permissions
    ADD CONSTRAINT auth_user_user_permissions_pkey PRIMARY KEY (id);


--
-- Name: auth_user_user_permissions auth_user_user_permissions_user_id_permission_id_14a6b632_uniq; Type: CONSTRAINT; Schema: public; Owner: kasia
--

ALTER TABLE ONLY public.auth_user_user_permissions
    ADD CONSTRAINT auth_user_user_permissions_user_id_permission_id_14a6b632_uniq UNIQUE (user_id, permission_id);


--
-- Name: auth_user auth_user_username_key; Type: CONSTRAINT; Schema: public; Owner: kasia
--

ALTER TABLE ONLY public.auth_user
    ADD CONSTRAINT auth_user_username_key UNIQUE (username);


--
-- Name: card_card card_card_name_key; Type: CONSTRAINT; Schema: public; Owner: kasia
--

ALTER TABLE ONLY public.card_card
    ADD CONSTRAINT card_card_name_key UNIQUE (name);


--
-- Name: card_card card_card_pkey; Type: CONSTRAINT; Schema: public; Owner: kasia
--

ALTER TABLE ONLY public.card_card
    ADD CONSTRAINT card_card_pkey PRIMARY KEY (id);


--
-- Name: card_carditem_card card_carditem_card_carditem_id_card_id_93d464fa_uniq; Type: CONSTRAINT; Schema: public; Owner: kasia
--

ALTER TABLE ONLY public.card_carditem_card
    ADD CONSTRAINT card_carditem_card_carditem_id_card_id_93d464fa_uniq UNIQUE (carditem_id, card_id);


--
-- Name: card_carditem_card card_carditem_card_pkey; Type: CONSTRAINT; Schema: public; Owner: kasia
--

ALTER TABLE ONLY public.card_carditem_card
    ADD CONSTRAINT card_carditem_card_pkey PRIMARY KEY (id);


--
-- Name: card_carditem card_carditem_pkey; Type: CONSTRAINT; Schema: public; Owner: kasia
--

ALTER TABLE ONLY public.card_carditem
    ADD CONSTRAINT card_carditem_pkey PRIMARY KEY (id);


--
-- Name: django_admin_log django_admin_log_pkey; Type: CONSTRAINT; Schema: public; Owner: kasia
--

ALTER TABLE ONLY public.django_admin_log
    ADD CONSTRAINT django_admin_log_pkey PRIMARY KEY (id);


--
-- Name: django_content_type django_content_type_app_label_model_76bd3d3b_uniq; Type: CONSTRAINT; Schema: public; Owner: kasia
--

ALTER TABLE ONLY public.django_content_type
    ADD CONSTRAINT django_content_type_app_label_model_76bd3d3b_uniq UNIQUE (app_label, model);


--
-- Name: django_content_type django_content_type_pkey; Type: CONSTRAINT; Schema: public; Owner: kasia
--

ALTER TABLE ONLY public.django_content_type
    ADD CONSTRAINT django_content_type_pkey PRIMARY KEY (id);


--
-- Name: django_migrations django_migrations_pkey; Type: CONSTRAINT; Schema: public; Owner: kasia
--

ALTER TABLE ONLY public.django_migrations
    ADD CONSTRAINT django_migrations_pkey PRIMARY KEY (id);


--
-- Name: django_session django_session_pkey; Type: CONSTRAINT; Schema: public; Owner: kasia
--

ALTER TABLE ONLY public.django_session
    ADD CONSTRAINT django_session_pkey PRIMARY KEY (session_key);


--
-- Name: auth_group_name_a6ea08ec_like; Type: INDEX; Schema: public; Owner: kasia
--

CREATE INDEX auth_group_name_a6ea08ec_like ON public.auth_group USING btree (name varchar_pattern_ops);


--
-- Name: auth_group_permissions_group_id_b120cbf9; Type: INDEX; Schema: public; Owner: kasia
--

CREATE INDEX auth_group_permissions_group_id_b120cbf9 ON public.auth_group_permissions USING btree (group_id);


--
-- Name: auth_group_permissions_permission_id_84c5c92e; Type: INDEX; Schema: public; Owner: kasia
--

CREATE INDEX auth_group_permissions_permission_id_84c5c92e ON public.auth_group_permissions USING btree (permission_id);


--
-- Name: auth_permission_content_type_id_2f476e4b; Type: INDEX; Schema: public; Owner: kasia
--

CREATE INDEX auth_permission_content_type_id_2f476e4b ON public.auth_permission USING btree (content_type_id);


--
-- Name: auth_user_groups_group_id_97559544; Type: INDEX; Schema: public; Owner: kasia
--

CREATE INDEX auth_user_groups_group_id_97559544 ON public.auth_user_groups USING btree (group_id);


--
-- Name: auth_user_groups_user_id_6a12ed8b; Type: INDEX; Schema: public; Owner: kasia
--

CREATE INDEX auth_user_groups_user_id_6a12ed8b ON public.auth_user_groups USING btree (user_id);


--
-- Name: auth_user_user_permissions_permission_id_1fbb5f2c; Type: INDEX; Schema: public; Owner: kasia
--

CREATE INDEX auth_user_user_permissions_permission_id_1fbb5f2c ON public.auth_user_user_permissions USING btree (permission_id);


--
-- Name: auth_user_user_permissions_user_id_a95ead1b; Type: INDEX; Schema: public; Owner: kasia
--

CREATE INDEX auth_user_user_permissions_user_id_a95ead1b ON public.auth_user_user_permissions USING btree (user_id);


--
-- Name: auth_user_username_6821ab7c_like; Type: INDEX; Schema: public; Owner: kasia
--

CREATE INDEX auth_user_username_6821ab7c_like ON public.auth_user USING btree (username varchar_pattern_ops);


--
-- Name: card_card_name_e171d36c_like; Type: INDEX; Schema: public; Owner: kasia
--

CREATE INDEX card_card_name_e171d36c_like ON public.card_card USING btree (name varchar_pattern_ops);


--
-- Name: card_carditem_card_card_id_688e3c29; Type: INDEX; Schema: public; Owner: kasia
--

CREATE INDEX card_carditem_card_card_id_688e3c29 ON public.card_carditem_card USING btree (card_id);


--
-- Name: card_carditem_card_carditem_id_c6bb3cf1; Type: INDEX; Schema: public; Owner: kasia
--

CREATE INDEX card_carditem_card_carditem_id_c6bb3cf1 ON public.card_carditem_card USING btree (carditem_id);


--
-- Name: django_admin_log_content_type_id_c4bce8eb; Type: INDEX; Schema: public; Owner: kasia
--

CREATE INDEX django_admin_log_content_type_id_c4bce8eb ON public.django_admin_log USING btree (content_type_id);


--
-- Name: django_admin_log_user_id_c564eba6; Type: INDEX; Schema: public; Owner: kasia
--

CREATE INDEX django_admin_log_user_id_c564eba6 ON public.django_admin_log USING btree (user_id);


--
-- Name: django_session_expire_date_a5c62663; Type: INDEX; Schema: public; Owner: kasia
--

CREATE INDEX django_session_expire_date_a5c62663 ON public.django_session USING btree (expire_date);


--
-- Name: django_session_session_key_c0390e0f_like; Type: INDEX; Schema: public; Owner: kasia
--

CREATE INDEX django_session_session_key_c0390e0f_like ON public.django_session USING btree (session_key varchar_pattern_ops);


--
-- Name: auth_group_permissions auth_group_permissio_permission_id_84c5c92e_fk_auth_perm; Type: FK CONSTRAINT; Schema: public; Owner: kasia
--

ALTER TABLE ONLY public.auth_group_permissions
    ADD CONSTRAINT auth_group_permissio_permission_id_84c5c92e_fk_auth_perm FOREIGN KEY (permission_id) REFERENCES public.auth_permission(id) DEFERRABLE INITIALLY DEFERRED;


--
-- Name: auth_group_permissions auth_group_permissions_group_id_b120cbf9_fk_auth_group_id; Type: FK CONSTRAINT; Schema: public; Owner: kasia
--

ALTER TABLE ONLY public.auth_group_permissions
    ADD CONSTRAINT auth_group_permissions_group_id_b120cbf9_fk_auth_group_id FOREIGN KEY (group_id) REFERENCES public.auth_group(id) DEFERRABLE INITIALLY DEFERRED;


--
-- Name: auth_permission auth_permission_content_type_id_2f476e4b_fk_django_co; Type: FK CONSTRAINT; Schema: public; Owner: kasia
--

ALTER TABLE ONLY public.auth_permission
    ADD CONSTRAINT auth_permission_content_type_id_2f476e4b_fk_django_co FOREIGN KEY (content_type_id) REFERENCES public.django_content_type(id) DEFERRABLE INITIALLY DEFERRED;


--
-- Name: auth_user_groups auth_user_groups_group_id_97559544_fk_auth_group_id; Type: FK CONSTRAINT; Schema: public; Owner: kasia
--

ALTER TABLE ONLY public.auth_user_groups
    ADD CONSTRAINT auth_user_groups_group_id_97559544_fk_auth_group_id FOREIGN KEY (group_id) REFERENCES public.auth_group(id) DEFERRABLE INITIALLY DEFERRED;


--
-- Name: auth_user_groups auth_user_groups_user_id_6a12ed8b_fk_auth_user_id; Type: FK CONSTRAINT; Schema: public; Owner: kasia
--

ALTER TABLE ONLY public.auth_user_groups
    ADD CONSTRAINT auth_user_groups_user_id_6a12ed8b_fk_auth_user_id FOREIGN KEY (user_id) REFERENCES public.auth_user(id) DEFERRABLE INITIALLY DEFERRED;


--
-- Name: auth_user_user_permissions auth_user_user_permi_permission_id_1fbb5f2c_fk_auth_perm; Type: FK CONSTRAINT; Schema: public; Owner: kasia
--

ALTER TABLE ONLY public.auth_user_user_permissions
    ADD CONSTRAINT auth_user_user_permi_permission_id_1fbb5f2c_fk_auth_perm FOREIGN KEY (permission_id) REFERENCES public.auth_permission(id) DEFERRABLE INITIALLY DEFERRED;


--
-- Name: auth_user_user_permissions auth_user_user_permissions_user_id_a95ead1b_fk_auth_user_id; Type: FK CONSTRAINT; Schema: public; Owner: kasia
--

ALTER TABLE ONLY public.auth_user_user_permissions
    ADD CONSTRAINT auth_user_user_permissions_user_id_a95ead1b_fk_auth_user_id FOREIGN KEY (user_id) REFERENCES public.auth_user(id) DEFERRABLE INITIALLY DEFERRED;


--
-- Name: card_carditem_card card_carditem_card_card_id_688e3c29_fk_card_card_id; Type: FK CONSTRAINT; Schema: public; Owner: kasia
--

ALTER TABLE ONLY public.card_carditem_card
    ADD CONSTRAINT card_carditem_card_card_id_688e3c29_fk_card_card_id FOREIGN KEY (card_id) REFERENCES public.card_card(id) DEFERRABLE INITIALLY DEFERRED;


--
-- Name: card_carditem_card card_carditem_card_carditem_id_c6bb3cf1_fk_card_carditem_id; Type: FK CONSTRAINT; Schema: public; Owner: kasia
--

ALTER TABLE ONLY public.card_carditem_card
    ADD CONSTRAINT card_carditem_card_carditem_id_c6bb3cf1_fk_card_carditem_id FOREIGN KEY (carditem_id) REFERENCES public.card_carditem(id) DEFERRABLE INITIALLY DEFERRED;


--
-- Name: django_admin_log django_admin_log_content_type_id_c4bce8eb_fk_django_co; Type: FK CONSTRAINT; Schema: public; Owner: kasia
--

ALTER TABLE ONLY public.django_admin_log
    ADD CONSTRAINT django_admin_log_content_type_id_c4bce8eb_fk_django_co FOREIGN KEY (content_type_id) REFERENCES public.django_content_type(id) DEFERRABLE INITIALLY DEFERRED;


--
-- Name: django_admin_log django_admin_log_user_id_c564eba6_fk_auth_user_id; Type: FK CONSTRAINT; Schema: public; Owner: kasia
--

ALTER TABLE ONLY public.django_admin_log
    ADD CONSTRAINT django_admin_log_user_id_c564eba6_fk_auth_user_id FOREIGN KEY (user_id) REFERENCES public.auth_user(id) DEFERRABLE INITIALLY DEFERRED;


--
-- PostgreSQL database dump complete
--

